{"cameraMode":{"drawMode":0,"name":"Shaded","section":"Shading Mode"},"sceneLighting":false,"audioPlay":false,"sceneViewState":{"m_AlwaysRefresh":false,"showFog":true,"showSkybox":false,"showFlares":true,"showImageEffects":true,"showParticleSystems":true,"showVisualEffectGraphs":true,"m_FxEnabled":true},"in2DMode":false,"pivot":{"x":0.05713328719139099,"y":-0.15331894159317017,"z":0.03213310241699219},"rotation":{"x":0.028731290251016618,"y":0.9119389057159424,"z":-0.06465759873390198,"w":0.40428993105888369},"size":0.31466245651245119,"orthographic":false}