{"cameraMode":{"drawMode":0,"name":"Shaded","section":"Shading Mode"},"sceneLighting":false,"audioPlay":false,"sceneViewState":{"m_AlwaysRefresh":false,"showFog":true,"showSkybox":false,"showFlares":true,"showImageEffects":true,"showParticleSystems":true,"showVisualEffectGraphs":true,"m_FxEnabled":true},"in2DMode":false,"pivot":{"x":-0.005655467510223389,"y":-5.960464477539063e-8,"z":-0.028292417526245118},"rotation":{"x":0.07310538738965988,"y":0.9069724082946777,"z":-0.17823731899261475,"w":0.3752151131629944},"size":0.2647201120853424,"orthographic":false}