{"cameraMode":{"drawMode":0,"name":"Shaded","section":"Shading Mode"},"sceneLighting":false,"audioPlay":false,"sceneViewState":{"m_AlwaysRefresh":false,"showFog":true,"showSkybox":false,"showFlares":true,"showImageEffects":true,"showParticleSystems":true,"showVisualEffectGraphs":true,"m_FxEnabled":true},"in2DMode":false,"pivot":{"x":-0.7698450088500977,"y":-0.5098680853843689,"z":-0.7521971464157105},"rotation":{"x":-0.07549261301755905,"y":0.9182590246200562,"z":-0.2133800983428955,"w":-0.32503968477249148},"size":0.8969167470932007,"orthographic":false}